{"stats":{"minecraft:dropped":{"minecraft:stone_bricks":1,"minecraft:acacia_sapling":3},"minecraft:crafted":{"minecraft:acacia_planks":16,"minecraft:crafting_table":1,"minecraft:stick":8,"minecraft:wooden_pickaxe":1,"minecraft:iron_pickaxe":1,"minecraft:wooden_axe":1},"minecraft:custom":{"minecraft:time_since_rest":12228,"minecraft:crouch_one_cm":1275,"minecraft:play_time":12228,"minecraft:sprint_one_cm":28419,"minecraft:damage_taken":180,"minecraft:walk_one_cm":28582,"minecraft:sneak_time":241,"minecraft:drop":4,"minecraft:jump":285,"minecraft:damage_dealt":13,"minecraft:time_since_death":12228,"minecraft:walk_on_water_one_cm":1029,"minecraft:total_world_time":12228,"minecraft:interact_with_crafting_table":4,"minecraft:fall_one_cm":7916,"minecraft:fly_one_cm":39070},"minecraft:used":{"minecraft:wooden_axe":1,"minecraft:crafting_table":2,"minecraft:wooden_pickaxe":3,"minecraft:acacia_planks":4},"minecraft:picked_up":{"minecraft:crafting_table":1,"minecraft:acacia_planks":2,"minecraft:stone_bricks":1,"minecraft:acacia_log":4,"minecraft:iron_ingot":6,"minecraft:iron_block":1,"minecraft:acacia_sapling":3,"minecraft:cobblestone":2},"minecraft:mined":{"minecraft:acacia_log":4,"minecraft:glowstone":1,"minecraft:acacia_planks":2,"minecraft:stone_bricks":1,"minecraft:crafting_table":1,"biomesoplenty:dune_grass":3}},"DataVersion":3465}