{"stats":{"minecraft:dropped":{"alexsmobs:acacia_blossom":1,"ars_nouveau:wilden_spike":2,"minecraft:rotten_flesh":3,"alexsmobs:emu_egg":6,"ars_nouveau:purple_archwood_log":1,"travelersbackpack:standard":1,"mekanism:raw_tin":7,"minecraft:stick":2,"ars_nouveau:music_disc_thistle_the_sound_of_glass":1,"minecraft:acacia_sapling":3,"gravestone:obituary":1,"minecraft:stone_bricks":1,"minecraft:sand":3,"minecraft:wooden_pickaxe":1,"malum:raw_soulstone":3,"minecraft:string":2},"minecraft:killed_by":{"minecraft:player":1,"minecraft:creeper":1},"minecraft:crafted":{"minecraft:crafting_table":2,"minecraft:wooden_pickaxe":1,"minecraft:stone_axe":2,"minecraft:stick":12,"minecraft:iron_ingot":9,"minecraft:iron_pickaxe":1,"minecraft:stone_pickaxe":1,"minecraft:wooden_axe":1,"minecraft:acacia_planks":16,"biomesoplenty:palm_planks":32},"minecraft:custom":{"minecraft:mob_kills":6,"minecraft:interact_with_crafting_table":8,"minecraft:open_barrel":11,"minecraft:time_since_death":19980,"minecraft:sleep_in_bed":1,"minecraft:climb_one_cm":299,"minecraft:time_since_rest":12787,"minecraft:walk_one_cm":117211,"minecraft:sprint_one_cm":126457,"minecraft:damage_taken":896,"minecraft:drop":20,"minecraft:damage_dealt":2393,"minecraft:swim_one_cm":17675,"minecraft:fly_one_cm":179862,"minecraft:open_chest":11,"minecraft:crouch_one_cm":1801,"minecraft:play_time":48228,"minecraft:deaths":3,"minecraft:sneak_time":627,"minecraft:walk_under_water_one_cm":7641,"minecraft:jump":1043,"minecraft:walk_on_water_one_cm":23776,"minecraft:total_world_time":48228,"minecraft:fall_one_cm":20417},"minecraft:used":{"minecraft:stone_pickaxe":56,"minecraft:wooden_pickaxe":14,"minecraft:sand":15,"minecraft:crafting_table":4,"minecraft:wooden_axe":33,"minecraft:bread":3,"minecraft:stone_axe":146,"minecraft:cobblestone":8,"travelersbackpack:standard":1,"minecraft:acacia_planks":4},"minecraft:picked_up":{"minecraft:lime_bed":1,"minecraft:crafting_table":3,"alexsmobs:acacia_blossom":1,"biomesoplenty:palm_planks":26,"minecraft:string":1,"minecraft:raw_copper":19,"minecraft:acacia_planks":2,"minecraft:stone_bricks":1,"alexsmobs:emu_feather":1,"minecraft:iron_ingot":6,"biomesoplenty:palm_sapling":1,"minecraft:melon_slice":100,"minecraft:acacia_sapling":3,"minecraft:stick":4,"ars_nouveau:purple_archwood_log":64,"malum:raw_soulstone":3,"minecraft:acacia_log":40,"ars_nouveau:purple_archwood_sapling":12,"minecraft:sand":3,"mekanism:raw_tin":7,"ars_nouveau:wilden_spike":2,"travelersbackpack:standard":2,"forbidden_arcanus:ender_pearl_fragment":6,"biomesoplenty:palm_log":15,"minecraft:iron_block":1,"alexsmobs:emu_egg":12,"minecraft:bread":16,"minecraft:coal":34,"minecraft:cobblestone":29,"minecraft:ender_pearl":1},"minecraft:broken":{"minecraft:stone_axe":1,"minecraft:wooden_axe":1},"minecraft:mined":{"minecraft:crafting_table":3,"malum:soulstone_ore":1,"gravestone:gravestone":1,"minecraft:acacia_log":42,"minecraft:melon":30,"mekanism:tin_ore":4,"minecraft:copper_ore":5,"minecraft:cobblestone":1,"biomesoplenty:dune_grass":3,"biomesoplenty:palm_log":8,"minecraft:lime_bed":1,"minecraft:glowstone":1,"minecraft:coal_ore":34,"minecraft:acacia_planks":2,"minecraft:stone":21,"minecraft:stone_bricks":1,"ars_nouveau:purple_archwood_log":65},"minecraft:killed":{"minecraft:husk":1,"minecraft:spider":1,"alexsmobs:emu":2,"minecraft:enderman":2}},"DataVersion":3465}