{"stats":{"minecraft:dropped":{"alexsmobs:acacia_blossom":1,"minecraft:acacia_sapling":3,"minecraft:rotten_flesh":3,"gravestone:obituary":1,"minecraft:stone_bricks":1},"minecraft:killed_by":{"minecraft:player":1,"minecraft:creeper":1},"minecraft:crafted":{"minecraft:crafting_table":1,"minecraft:stick":8,"minecraft:wooden_pickaxe":1,"minecraft:iron_pickaxe":1,"minecraft:stone_pickaxe":1,"minecraft:wooden_axe":1,"minecraft:acacia_planks":16,"minecraft:stone_axe":1},"minecraft:custom":{"minecraft:time_since_rest":787,"minecraft:sprint_one_cm":85960,"minecraft:damage_taken":886,"minecraft:walk_one_cm":83907,"minecraft:mob_kills":6,"minecraft:drop":7,"minecraft:damage_dealt":2393,"minecraft:interact_with_crafting_table":6,"minecraft:swim_one_cm":16412,"minecraft:fly_one_cm":126005,"minecraft:open_chest":4,"minecraft:crouch_one_cm":1801,"minecraft:play_time":36228,"minecraft:deaths":3,"minecraft:sneak_time":605,"minecraft:walk_under_water_one_cm":7426,"minecraft:jump":794,"minecraft:walk_on_water_one_cm":22764,"minecraft:time_since_death":7980,"minecraft:sleep_in_bed":1,"minecraft:climb_one_cm":299,"minecraft:total_world_time":36228,"minecraft:fall_one_cm":18826},"minecraft:used":{"minecraft:wooden_axe":33,"minecraft:stone_pickaxe":56,"minecraft:wooden_pickaxe":14,"minecraft:stone_axe":50,"minecraft:cobblestone":8,"minecraft:sand":15,"minecraft:crafting_table":3,"minecraft:acacia_planks":4},"minecraft:picked_up":{"minecraft:lime_bed":1,"minecraft:stick":4,"minecraft:crafting_table":3,"malum:raw_soulstone":1,"alexsmobs:acacia_blossom":1,"minecraft:acacia_log":40,"minecraft:string":1,"mekanism:raw_tin":7,"minecraft:raw_copper":19,"forbidden_arcanus:ender_pearl_fragment":6,"minecraft:acacia_planks":2,"minecraft:stone_bricks":1,"biomesoplenty:palm_log":8,"alexsmobs:emu_feather":1,"minecraft:iron_ingot":6,"minecraft:iron_block":1,"biomesoplenty:palm_sapling":1,"alexsmobs:emu_egg":6,"minecraft:coal":34,"minecraft:acacia_sapling":3,"minecraft:cobblestone":23,"minecraft:ender_pearl":1},"minecraft:broken":{"minecraft:wooden_axe":1},"minecraft:mined":{"minecraft:lime_bed":1,"minecraft:glowstone":1,"malum:soulstone_ore":1,"minecraft:crafting_table":3,"gravestone:gravestone":1,"minecraft:acacia_log":42,"minecraft:coal_ore":34,"mekanism:tin_ore":4,"minecraft:copper_ore":5,"minecraft:cobblestone":1,"minecraft:acacia_planks":2,"minecraft:stone_bricks":1,"minecraft:stone":21,"biomesoplenty:dune_grass":3,"biomesoplenty:palm_log":8},"minecraft:killed":{"minecraft:husk":1,"minecraft:spider":1,"minecraft:enderman":2,"alexsmobs:emu":2}},"DataVersion":3465}