{"stats":{"minecraft:dropped":{"minecraft:acacia_sapling":3,"minecraft:stone_bricks":1},"minecraft:killed_by":{"minecraft:player":1,"minecraft:creeper":1},"minecraft:crafted":{"minecraft:crafting_table":1,"minecraft:stick":8,"minecraft:wooden_pickaxe":1,"minecraft:iron_pickaxe":1,"minecraft:stone_pickaxe":1,"minecraft:wooden_axe":1,"minecraft:acacia_planks":16},"minecraft:custom":{"minecraft:time_since_rest":4012,"minecraft:sprint_one_cm":47752,"minecraft:damage_taken":555,"minecraft:walk_one_cm":57058,"minecraft:mob_kills":3,"minecraft:drop":4,"minecraft:damage_dealt":1506,"minecraft:interact_with_crafting_table":5,"minecraft:swim_one_cm":15159,"minecraft:fly_one_cm":69887,"minecraft:crouch_one_cm":1389,"minecraft:play_time":24228,"minecraft:deaths":2,"minecraft:sneak_time":371,"minecraft:walk_under_water_one_cm":7157,"minecraft:jump":498,"minecraft:walk_on_water_one_cm":22253,"minecraft:time_since_death":3985,"minecraft:total_world_time":24228,"minecraft:fall_one_cm":10660},"minecraft:used":{"minecraft:wooden_axe":22,"minecraft:stone_pickaxe":28,"minecraft:wooden_pickaxe":13,"minecraft:crafting_table":2,"minecraft:acacia_planks":4},"minecraft:picked_up":{"minecraft:stick":2,"minecraft:crafting_table":2,"malum:raw_soulstone":1,"minecraft:acacia_log":4,"mekanism:raw_tin":7,"minecraft:raw_copper":19,"forbidden_arcanus:ender_pearl_fragment":6,"minecraft:acacia_planks":2,"minecraft:stone_bricks":1,"minecraft:iron_ingot":6,"minecraft:iron_block":1,"minecraft:coal":12,"minecraft:acacia_sapling":3,"minecraft:cobblestone":16,"minecraft:ender_pearl":1},"minecraft:mined":{"minecraft:glowstone":1,"malum:soulstone_ore":1,"minecraft:crafting_table":2,"gravestone:gravestone":1,"minecraft:acacia_log":4,"minecraft:coal_ore":12,"mekanism:tin_ore":4,"minecraft:copper_ore":5,"minecraft:acacia_planks":2,"minecraft:stone_bricks":1,"minecraft:stone":15,"biomesoplenty:dune_grass":3},"minecraft:killed":{"minecraft:spider":1,"minecraft:enderman":2}},"DataVersion":3465}