{"stats":{"minecraft:dropped":{"ars_nouveau:worn_notebook":1,"minecraft:flower_pot":1,"minecraft:cactus":1,"alexsmobs:animal_dictionary":1,"minecraft:wheat":1},"minecraft:crafted":{"minecraft:acacia_planks":4,"minecraft:wooden_pickaxe":1,"minecraft:bread":76,"minecraft:wheat":216},"minecraft:custom":{"minecraft:open_chest":1,"minecraft:time_since_rest":10899,"minecraft:crouch_one_cm":398,"minecraft:play_time":10899,"minecraft:sprint_one_cm":35666,"minecraft:walk_one_cm":15379,"minecraft:sneak_time":122,"minecraft:walk_under_water_one_cm":84,"minecraft:drop":5,"minecraft:jump":156,"minecraft:time_since_death":10899,"minecraft:walk_on_water_one_cm":111,"minecraft:climb_one_cm":299,"minecraft:total_world_time":10899,"minecraft:swim_one_cm":3196,"minecraft:interact_with_crafting_table":2,"minecraft:fall_one_cm":3787,"minecraft:fly_one_cm":43216},"minecraft:used":{"minecraft:bread":2,"alexsmobs:animal_dictionary":1},"minecraft:picked_up":{"minecraft:crafting_table":1,"minecraft:stick":8,"minecraft:cactus":1,"minecraft:flower_pot":1,"minecraft:acacia_log":1,"minecraft:hay_block":24},"minecraft:mined":{"minecraft:hay_block":24,"minecraft:glass_pane":5,"minecraft:dead_bush":6,"minecraft:potted_cactus":1,"minecraft:crafting_table":1}},"DataVersion":3465}