{"stats":{"minecraft:dropped":{"minecraft:poppy":2,"ars_nouveau:worn_notebook":1,"minecraft:flower_pot":1,"alexsmobs:animal_dictionary":1,"minecraft:wheat":1,"minecraft:rotten_flesh":3,"minecraft:wooden_pickaxe":1,"minecraft:cactus":1,"travelersbackpack:standard":1},"minecraft:crafted":{"minecraft:iron_boots":1,"minecraft:iron_chestplate":1,"minecraft:iron_helmet":1,"minecraft:iron_ingot":18,"minecraft:wooden_pickaxe":1,"minecraft:stone_pickaxe":1,"minecraft:acacia_planks":4,"minecraft:stone_axe":1,"minecraft:bread":76,"minecraft:wheat":216},"minecraft:custom":{"minecraft:time_since_rest":34899,"minecraft:sprint_one_cm":77031,"minecraft:damage_taken":755,"minecraft:walk_one_cm":45603,"minecraft:mob_kills":7,"minecraft:drop":9,"minecraft:damage_dealt":2571,"minecraft:interact_with_crafting_table":5,"minecraft:swim_one_cm":14452,"minecraft:fly_one_cm":80905,"minecraft:player_kills":1,"minecraft:open_chest":6,"minecraft:crouch_one_cm":3262,"minecraft:play_time":34899,"minecraft:sneak_time":1533,"minecraft:walk_under_water_one_cm":7870,"minecraft:jump":395,"minecraft:walk_on_water_one_cm":11022,"minecraft:time_since_death":34899,"minecraft:total_world_time":34899,"minecraft:climb_one_cm":299,"minecraft:fall_one_cm":8952},"minecraft:used":{"minecraft:bread":12,"minecraft:stone_pickaxe":44,"minecraft:wooden_pickaxe":8,"minecraft:stone_axe":32,"minecraft:cobblestone":17,"travelersbackpack:standard":2,"pneumaticcraft:compressed_stone":4,"minecraft:crafting_table":2,"alexsmobs:animal_dictionary":1,"minecraft:acacia_planks":1},"minecraft:picked_up":{"minecraft:iron_chestplate":1,"minecraft:stick":8,"minecraft:crafting_table":2,"malum:raw_soulstone":1,"minecraft:flower_pot":1,"minecraft:acacia_log":1,"mekanism:raw_osmium":1,"mekanism:raw_tin":7,"minecraft:spider_eye":1,"minecraft:string":2,"minecraft:raw_copper":10,"travelersbackpack:standard":1,"alexsmobs:kangaroo_hide":1,"minecraft:cactus":1,"minecraft:rotten_flesh":3,"minecraft:iron_helmet":1,"minecraft:hay_block":24,"minecraft:iron_ingot":5,"minecraft:poppy":2,"minecraft:gold_ingot":1,"alexsmobs:maggot":2,"minecraft:coal":6,"minecraft:iron_boots":1,"minecraft:cobblestone":23},"minecraft:mined":{"minecraft:hay_block":24,"mekanism:osmium_ore":1,"minecraft:glass_pane":5,"minecraft:potted_cactus":1,"malum:soulstone_ore":1,"minecraft:crafting_table":2,"minecraft:coal_ore":7,"minecraft:dead_bush":6,"mekanism:tin_ore":10,"minecraft:copper_ore":3,"minecraft:stone":24},"minecraft:killed":{"cardinal_sins:goldenminionofgreed":1,"minecraft:iron_golem":1,"undead_revamp2:the_moonflower":3,"minecraft:spider":1,"alexsmobs:kangaroo":1}},"DataVersion":3465}