{"stats":{"minecraft:dropped":{"minecraft:bread":16,"ars_elemental:yellow_archwood_sapling":15,"alexsmobs:animal_dictionary":1,"botania:black_mystical_flower":1,"minecraft:wheat":1,"minecraft:rotten_flesh":3,"minecraft:oak_planks":3,"travelersbackpack:standard":1,"minecraft:poppy":2,"ars_nouveau:worn_notebook":1,"minecraft:flower_pot":1,"minecraft:potion":1,"biomesoplenty:palm_sapling":1,"minecraft:wooden_pickaxe":1,"minecraft:cactus":1},"minecraft:crafted":{"minecraft:oak_planks":8,"ars_nouveau:archwood_planks":228,"minecraft:crafting_table":10,"minecraft:wooden_pickaxe":1,"minecraft:iron_helmet":1,"minecraft:stone_axe":2,"minecraft:bread":94,"minecraft:oak_boat":1,"minecraft:iron_boots":1,"minecraft:iron_chestplate":1,"minecraft:iron_ingot":18,"minecraft:stone_pickaxe":1,"minecraft:acacia_planks":4,"minecraft:wheat":270},"minecraft:custom":{"minecraft:mob_kills":9,"minecraft:interact_with_crafting_table":11,"minecraft:open_barrel":12,"minecraft:time_since_death":46899,"minecraft:climb_one_cm":299,"minecraft:time_since_rest":46899,"minecraft:walk_one_cm":63266,"minecraft:sprint_one_cm":133463,"minecraft:damage_taken":804,"minecraft:drop":16,"minecraft:damage_dealt":2891,"minecraft:fly_one_cm":188850,"minecraft:swim_one_cm":15616,"minecraft:player_kills":1,"minecraft:open_chest":12,"minecraft:crouch_one_cm":4036,"minecraft:play_time":46899,"minecraft:sneak_time":1656,"minecraft:walk_under_water_one_cm":7963,"minecraft:jump":627,"minecraft:walk_on_water_one_cm":13010,"minecraft:total_world_time":46899,"minecraft:fall_one_cm":13500},"minecraft:used":{"minecraft:stone_pickaxe":48,"minecraft:wooden_pickaxe":8,"pneumaticcraft:compressed_stone":4,"minecraft:crafting_table":7,"ars_nouveau:archwood_planks":8,"ars_elemental:flashpine_pod":2,"minecraft:bread":15,"minecraft:stone_axe":107,"minecraft:cobblestone":17,"travelersbackpack:standard":3,"minecraft:oak_boat":1,"alexsmobs:animal_dictionary":1,"minecraft:acacia_planks":1},"minecraft:picked_up":{"minecraft:crafting_table":6,"minecraft:iron_chestplate":1,"minecraft:flower_pot":1,"minecraft:wooden_pickaxe":1,"ars_elemental:yellow_archwood_sapling":15,"minecraft:oak_log":2,"minecraft:string":2,"minecraft:raw_copper":10,"botania:black_mystical_flower":1,"minecraft:iron_ingot":5,"biomesoplenty:palm_sapling":1,"minecraft:poppy":2,"minecraft:melon_slice":27,"ars_elemental:flashpine_pod":4,"minecraft:iron_boots":1,"minecraft:stick":11,"malum:raw_soulstone":1,"minecraft:acacia_log":1,"ars_elemental:yellow_archwood_log":57,"ars_nouveau:music_disc_thistle_the_sound_of_glass":1,"mekanism:raw_osmium":1,"minecraft:spider_eye":1,"mekanism:raw_tin":7,"travelersbackpack:standard":1,"alexsmobs:kangaroo_hide":1,"minecraft:cactus":1,"minecraft:rotten_flesh":6,"minecraft:hay_block":30,"minecraft:iron_helmet":1,"minecraft:gold_ingot":1,"alexsmobs:maggot":2,"minecraft:coal":6,"minecraft:cobblestone":26},"minecraft:broken":{"minecraft:stone_axe":1},"minecraft:mined":{"mekanism:osmium_ore":1,"minecraft:glass_pane":5,"minecraft:potted_cactus":1,"minecraft:crafting_table":6,"malum:soulstone_ore":1,"minecraft:dead_bush":6,"mekanism:tin_ore":10,"minecraft:copper_ore":3,"biomesoplenty:dead_grass":1,"ars_elemental:yellow_archwood_log":65,"botania:black_mystical_flower":1,"minecraft:hay_block":34,"minecraft:oak_log":2,"minecraft:coal_ore":7,"minecraft:stone":28},"minecraft:killed":{"alexsmobs:guster":2,"undead_revamp2:the_moonflower":3,"minecraft:spider":1,"minecraft:iron_golem":1,"cardinal_sins:goldenminionofgreed":1,"alexsmobs:kangaroo":1}},"DataVersion":3465}