{"stats":{"minecraft:dropped":{"ars_nouveau:worn_notebook":1,"minecraft:flower_pot":1,"alexsmobs:animal_dictionary":1,"minecraft:wheat":1,"minecraft:wooden_pickaxe":1,"minecraft:cactus":1},"minecraft:crafted":{"minecraft:wooden_pickaxe":1,"minecraft:stone_pickaxe":1,"minecraft:acacia_planks":4,"minecraft:stone_axe":1,"minecraft:bread":76,"minecraft:wheat":216},"minecraft:custom":{"minecraft:time_since_rest":22899,"minecraft:sprint_one_cm":51959,"minecraft:damage_taken":360,"minecraft:walk_one_cm":33700,"minecraft:mob_kills":4,"minecraft:drop":6,"minecraft:damage_dealt":900,"minecraft:interact_with_crafting_table":4,"minecraft:swim_one_cm":12255,"minecraft:fly_one_cm":59516,"minecraft:player_kills":1,"minecraft:open_chest":1,"minecraft:crouch_one_cm":974,"minecraft:play_time":22899,"minecraft:sneak_time":494,"minecraft:walk_under_water_one_cm":7738,"minecraft:jump":251,"minecraft:walk_on_water_one_cm":9810,"minecraft:time_since_death":22899,"minecraft:total_world_time":22899,"minecraft:climb_one_cm":299,"minecraft:fall_one_cm":5103},"minecraft:used":{"minecraft:bread":6,"minecraft:stone_pickaxe":28,"minecraft:wooden_pickaxe":8,"minecraft:stone_axe":13,"minecraft:crafting_table":2,"alexsmobs:animal_dictionary":1},"minecraft:picked_up":{"minecraft:stick":8,"minecraft:crafting_table":2,"malum:raw_soulstone":1,"minecraft:flower_pot":1,"minecraft:acacia_log":1,"mekanism:raw_tin":3,"minecraft:spider_eye":1,"minecraft:string":2,"minecraft:raw_copper":10,"minecraft:cactus":1,"minecraft:rotten_flesh":3,"minecraft:hay_block":24,"alexsmobs:maggot":2,"minecraft:cobblestone":20},"minecraft:mined":{"minecraft:hay_block":24,"minecraft:glass_pane":5,"minecraft:potted_cactus":1,"malum:soulstone_ore":1,"minecraft:crafting_table":2,"minecraft:dead_bush":6,"mekanism:tin_ore":6,"minecraft:copper_ore":3,"minecraft:stone":21},"minecraft:killed":{"undead_revamp2:the_moonflower":3,"minecraft:spider":1}},"DataVersion":3465}