{"stats":{"minecraft:dropped":{"minecraft:iron_block":2,"minecraft:iron_ingot":6,"minecraft:stone_axe":2,"minecraft:cobblestone":2,"minecraft:stone_pickaxe":1,"minecraft:acacia_log":1,"minecraft:stick":13},"minecraft:killed_by":{"minecraft:husk":1,"undead_revamp2:theswarmer":1,"minecraft:drowned":1,"undead_revamp2:bomber":1,"minecraft:creeper":1},"minecraft:crafted":{"minecraft:crafting_table":3,"minecraft:iron_ingot":9,"minecraft:wooden_pickaxe":1,"minecraft:iron_pickaxe":1,"minecraft:stone_pickaxe":1,"minecraft:wooden_axe":1,"minecraft:acacia_planks":116,"minecraft:stone_axe":1},"minecraft:custom":{"minecraft:time_since_rest":6602,"minecraft:sprint_one_cm":60125,"minecraft:damage_taken":1718,"minecraft:walk_one_cm":87111,"minecraft:mob_kills":11,"minecraft:drop":15,"minecraft:damage_dealt":3245,"minecraft:interact_with_crafting_table":5,"minecraft:swim_one_cm":13344,"minecraft:fly_one_cm":76718,"minecraft:crouch_one_cm":6114,"minecraft:play_time":29812,"minecraft:deaths":6,"minecraft:sneak_time":1767,"minecraft:walk_under_water_one_cm":18177,"minecraft:jump":514,"minecraft:leave_game":1,"minecraft:time_since_death":6572,"minecraft:walk_on_water_one_cm":5578,"minecraft:total_world_time":29812,"minecraft:fall_one_cm":12373},"minecraft:used":{"minecraft:wooden_axe":49,"minecraft:waxed_cut_copper":2,"minecraft:stone_pickaxe":25,"minecraft:wooden_pickaxe":7,"minecraft:stone_bricks":1,"minecraft:stone_axe":88,"minecraft:waxed_copper_block":10,"minecraft:cracked_stone_bricks":1,"minecraft:sand":6,"minecraft:crafting_table":4,"minecraft:acacia_planks":88},"minecraft:picked_up":{"minecraft:stick":25,"minecraft:crafting_table":1,"minecraft:copper_ingot":2,"minecraft:acacia_log":33,"biomesoplenty:dead_log":29,"biomesoplenty:wilted_lily":2,"minecraft:sand":6,"minecraft:waxed_copper_block":10,"minecraft:string":1,"minecraft:stone_axe":2,"minecraft:bone":2,"minecraft:arrow":4,"minecraft:honey_bottle":1,"minecraft:rotten_flesh":4,"minecraft:stone_bricks":1,"minecraft:cracked_stone_bricks":1,"minecraft:iron_block":5,"minecraft:stone_pickaxe":1,"minecraft:gold_ingot":1,"minecraft:waxed_cut_copper":3,"minecraft:glowstone_dust":2,"minecraft:acacia_sapling":1,"minecraft:cobblestone":12},"minecraft:mined":{"minecraft:waxed_cut_copper":3,"biomesoplenty:desert_grass":3,"minecraft:waxed_copper_block":10,"minecraft:crafting_table":1,"biomesoplenty:dead_log":50,"minecraft:acacia_log":35,"minecraft:dead_bush":12,"minecraft:sand":6,"biomesoplenty:wilted_lily":2,"minecraft:cracked_stone_bricks":1,"biomesoplenty:sprout":1,"minecraft:stone":13,"minecraft:iron_block":4,"biomesoplenty:dune_grass":1},"minecraft:killed":{"minecraft:skeleton":1,"minecraft:husk":2,"minecraft:zombie":2,"cardinal_sins:goldenminionofgreed":1,"minecraft:spider":2,"undead_revamp2:therod":1,"undead_revamp2:theswarmer":1}},"DataVersion":3465}