{"stats":{"minecraft:dropped":{"minecraft:iron_ingot":6,"minecraft:stone_axe":2,"alexsmobs:kangaroo_meat":2,"minecraft:cobblestone":2,"alexsmobs:emu_egg":1,"mekanism:raw_tin":3,"travelersbackpack:standard":2,"minecraft:acacia_log":1,"minecraft:coal":1,"minecraft:stick":13,"minecraft:dirt":2,"minecraft:iron_block":2,"minecraft:sea_pickle":3,"minecraft:waxed_cut_copper":1,"biomesoplenty:wilted_lily":2,"minecraft:sand":8,"minecraft:stone_pickaxe":1,"minecraft:string":2,"minecraft:gold_ingot":1},"minecraft:killed_by":{"minecraft:husk":1,"undead_revamp2:bomber":1,"minecraft:creeper":1,"undead_revamp2:theswarmer":1,"minecraft:drowned":1},"minecraft:crafted":{"biomesoplenty:dead_planks":8,"minecraft:crafting_table":6,"minecraft:wooden_pickaxe":1,"alexsmobs:cooked_kangaroo_meat":3,"minecraft:furnace":1,"minecraft:acacia_button":1,"minecraft:stone_axe":1,"minecraft:acacia_boat":1,"minecraft:air":0,"minecraft:iron_ingot":9,"minecraft:iron_pickaxe":1,"minecraft:stone_pickaxe":1,"minecraft:wooden_axe":1,"minecraft:stone_sword":1,"minecraft:acacia_planks":128},"minecraft:custom":{"minecraft:interact_with_furnace":7,"minecraft:mob_kills":12,"minecraft:interact_with_crafting_table":9,"minecraft:open_barrel":9,"minecraft:leave_game":1,"minecraft:time_since_death":30572,"minecraft:time_since_rest":30602,"minecraft:sprint_one_cm":154964,"minecraft:damage_absorbed":39,"minecraft:damage_taken":2103,"minecraft:walk_one_cm":135820,"minecraft:drop":32,"minecraft:damage_dealt":3465,"minecraft:swim_one_cm":14484,"minecraft:fly_one_cm":184186,"minecraft:open_chest":17,"minecraft:crouch_one_cm":7378,"minecraft:play_time":53812,"minecraft:deaths":6,"minecraft:sneak_time":2052,"minecraft:walk_under_water_one_cm":20129,"minecraft:jump":986,"minecraft:walk_on_water_one_cm":7524,"minecraft:total_world_time":53812,"minecraft:fall_one_cm":25292},"minecraft:used":{"minecraft:acacia_boat":1,"minecraft:stone_sword":4,"minecraft:stone_pickaxe":42,"minecraft:wooden_pickaxe":7,"minecraft:waxed_copper_block":10,"minecraft:cracked_stone_bricks":1,"minecraft:golden_apple":1,"minecraft:sand":6,"minecraft:crafting_table":7,"alexsmobs:cooked_kangaroo_meat":2,"minecraft:acacia_button":1,"minecraft:wooden_axe":49,"minecraft:waxed_cut_copper":3,"minecraft:stone_bricks":1,"minecraft:stone_axe":88,"minecraft:hay_block":1,"travelersbackpack:standard":3,"minecraft:cooked_cod":3,"minecraft:furnace":1,"minecraft:acacia_planks":96,"minecraft:orange_terracotta":1},"minecraft:picked_up":{"minecraft:crafting_table":1,"biomesoplenty:dead_log":29,"minecraft:waxed_copper_block":10,"minecraft:dirt":2,"minecraft:string":2,"minecraft:orange_terracotta":1,"minecraft:bone":2,"minecraft:sea_pickle":3,"minecraft:stone_bricks":1,"minecraft:cracked_stone_bricks":1,"minecraft:stone_pickaxe":1,"minecraft:poppy":2,"minecraft:glowstone_dust":2,"minecraft:acacia_sapling":1,"minecraft:furnace":1,"minecraft:raw_iron":2,"minecraft:stick":25,"minecraft:sandstone":9,"minecraft:copper_ingot":2,"minecraft:acacia_log":33,"biomesoplenty:wilted_lily":2,"minecraft:sand":14,"minecraft:stone_pressure_plate":1,"mekanism:raw_tin":3,"travelersbackpack:standard":2,"minecraft:arrow":5,"minecraft:honey_bottle":1,"minecraft:rotten_flesh":4,"minecraft:stone_axe":2,"minecraft:hay_block":93,"minecraft:iron_block":5,"alexsmobs:emu_egg":3,"minecraft:gold_ingot":1,"minecraft:waxed_cut_copper":4,"minecraft:coal":3,"alexsmobs:kangaroo_meat":5,"minecraft:cobblestone":26},"minecraft:mined":{"minecraft:waxed_cut_copper":3,"minecraft:stone_pressure_plate":1,"minecraft:glass_pane":2,"minecraft:orange_terracotta":1,"biomesoplenty:desert_grass":3,"minecraft:crafting_table":1,"minecraft:acacia_log":35,"mekanism:tin_ore":3,"minecraft:dead_bush":12,"biomesoplenty:wilted_lily":2,"biomesoplenty:sprout":1,"minecraft:sandstone":5,"biomesoplenty:dune_grass":1,"minecraft:hay_block":90,"minecraft:seagrass":1,"minecraft:furnace":1,"minecraft:sea_pickle":1,"minecraft:iron_ore":4,"minecraft:waxed_copper_block":10,"biomesoplenty:dead_log":50,"minecraft:sand":6,"minecraft:cracked_stone_bricks":1,"minecraft:stone":15,"minecraft:iron_block":4},"minecraft:killed":{"minecraft:husk":2,"minecraft:spider":2,"undead_revamp2:theswarmer":1,"minecraft:skeleton":1,"minecraft:zombie":2,"cardinal_sins:goldenminionofgreed":1,"undead_revamp2:therod":1,"alexsmobs:kangaroo":1}},"DataVersion":3465}