{"stats":{"minecraft:custom":{"minecraft:jump":35,"minecraft:time_since_rest":4402,"minecraft:leave_game":1,"minecraft:walk_on_water_one_cm":1314,"minecraft:sprint_one_cm":1535,"minecraft:play_time":4402,"minecraft:damage_taken":175,"minecraft:time_since_death":4402,"minecraft:walk_one_cm":3474,"minecraft:walk_under_water_one_cm":67,"minecraft:total_world_time":4402,"minecraft:fall_one_cm":687,"minecraft:fly_one_cm":1651},"minecraft:used":{"minecraft:sand":3},"minecraft:picked_up":{"minecraft:sand":3},"minecraft:mined":{"minecraft:sand":3}},"DataVersion":3465}