{"stats":{"minecraft:dropped":{"minecraft:iron_block":2,"minecraft:iron_ingot":6,"minecraft:cobblestone":2,"minecraft:stone_pickaxe":1,"minecraft:acacia_log":1,"minecraft:stick":13},"minecraft:killed_by":{"minecraft:drowned":1},"minecraft:crafted":{"minecraft:crafting_table":3,"minecraft:iron_ingot":9,"minecraft:wooden_pickaxe":1,"minecraft:iron_pickaxe":1,"minecraft:stone_pickaxe":1,"minecraft:wooden_axe":1,"minecraft:acacia_planks":116},"minecraft:custom":{"minecraft:time_since_rest":13134,"minecraft:sprint_one_cm":36827,"minecraft:damage_taken":448,"minecraft:walk_one_cm":44957,"minecraft:mob_kills":1,"minecraft:drop":13,"minecraft:damage_dealt":914,"minecraft:interact_with_crafting_table":4,"minecraft:swim_one_cm":6701,"minecraft:fly_one_cm":51005,"minecraft:crouch_one_cm":5472,"minecraft:play_time":17812,"minecraft:deaths":1,"minecraft:sneak_time":1569,"minecraft:walk_under_water_one_cm":15817,"minecraft:jump":381,"minecraft:leave_game":1,"minecraft:time_since_death":12986,"minecraft:walk_on_water_one_cm":4326,"minecraft:total_world_time":17812,"minecraft:fall_one_cm":9386},"minecraft:used":{"minecraft:wooden_axe":48,"minecraft:stone_pickaxe":18,"minecraft:wooden_pickaxe":7,"minecraft:stone_bricks":1,"minecraft:cracked_stone_bricks":1,"minecraft:sand":6,"minecraft:crafting_table":3,"minecraft:acacia_planks":87},"minecraft:picked_up":{"minecraft:stick":25,"minecraft:crafting_table":1,"minecraft:acacia_log":30,"minecraft:sand":6,"minecraft:waxed_copper_block":10,"minecraft:arrow":2,"minecraft:stone_bricks":1,"minecraft:cracked_stone_bricks":1,"minecraft:iron_block":5,"minecraft:stone_pickaxe":1,"minecraft:gold_ingot":1,"minecraft:waxed_cut_copper":3,"minecraft:glowstone_dust":2,"minecraft:cobblestone":5},"minecraft:mined":{"minecraft:waxed_cut_copper":3,"biomesoplenty:desert_grass":2,"minecraft:waxed_copper_block":10,"minecraft:crafting_table":1,"minecraft:acacia_log":32,"minecraft:dead_bush":12,"minecraft:sand":6,"minecraft:cracked_stone_bricks":1,"minecraft:stone":6,"minecraft:iron_block":4},"minecraft:killed":{"cardinal_sins:goldenminionofgreed":1}},"DataVersion":3465}