{"stats":{"minecraft:killed_by":{"minecraft:drowned":1},"minecraft:custom":{"minecraft:jump":74,"minecraft:time_since_rest":1134,"minecraft:deaths":1,"minecraft:damage_taken":285,"minecraft:leave_game":1,"minecraft:play_time":5812,"minecraft:sprint_one_cm":5648,"minecraft:time_since_death":986,"minecraft:walk_on_water_one_cm":1603,"minecraft:walk_one_cm":6872,"minecraft:total_world_time":5812,"minecraft:walk_under_water_one_cm":5647,"minecraft:fall_one_cm":1941,"minecraft:fly_one_cm":9830},"minecraft:used":{"minecraft:sand":3},"minecraft:picked_up":{"minecraft:sand":6,"minecraft:arrow":2},"minecraft:mined":{"minecraft:sand":6}},"DataVersion":3465}